departamento,candidato,votos,votos_nacionales,participacion_nacional_candidato
AMAZONAS,DE LA CALLE LOMBANA HUMBERTO,739,396151,0.1865450295468142
AMAZONAS,DUQUE MARQUEZ IVAN,7104,7617114,0.09326366915343529
AMAZONAS,FAJARDO VALDERRAMA SERGIO,2692,4602916,0.05848466493848682
AMAZONAS,MORALES HOYOS VIVIANE ALEIDA,52,36138,0.14389285516630693
AMAZONAS,PETRO URREGO GUSTAVO FRANCISCO,5931,4854831,0.12216697141465892
AMAZONAS,TRUJILLO SARMIENTO JORGE ANTONIO,87,65767,0.13228518862043276
AMAZONAS,VARGAS LLERAS GERMAN,1308,1412392,0.09260885080062758
ANTIOQUIA,DE LA CALLE LOMBANA HUMBERTO,59136,396151,14.927641227713675
ANTIOQUIA,DUQUE MARQUEZ IVAN,1375965,7617114,18.064125074142254
ANTIOQUIA,FAJARDO VALDERRAMA SERGIO,732993,4602916,15.924535663913918
ANTIOQUIA,MORALES HOYOS VIVIANE ALEIDA,4398,36138,12.170014942719574
ANTIOQUIA,PETRO URREGO GUSTAVO FRANCISCO,237206,4854831,4.885978523248286
ANTIOQUIA,TRUJILLO SARMIENTO JORGE ANTONIO,6985,65767,10.620828074870376
ANTIOQUIA,VARGAS LLERAS GERMAN,99182,1412392,7.0222714373913195
ARAUCA,DE LA CALLE LOMBANA HUMBERTO,1561,396151,0.3940416659304154
ARAUCA,DUQUE MARQUEZ IVAN,49721,7617114,0.6527537857514014
ARAUCA,FAJARDO VALDERRAMA SERGIO,12099,4602916,0.26285511184649035
ARAUCA,MORALES HOYOS VIVIANE ALEIDA,223,36138,0.617078975040124
ARAUCA,PETRO URREGO GUSTAVO FRANCISCO,17814,4854831,0.36693347307043234
ARAUCA,TRUJILLO SARMIENTO JORGE ANTONIO,331,65767,0.5032919245214165
ARAUCA,VARGAS LLERAS GERMAN,3343,1412392,0.23669066378172632
ARCHIPIELAGO DE SAN ANDRES PROVIDENCIA Y SANTA CATALINA,DE LA CALLE LOMBANA HUMBERTO,625,396151,0.1577681237709863
ARCHIPIELAGO DE SAN ANDRES PROVIDENCIA Y SANTA CATALINA,DUQUE MARQUEZ IVAN,5691,7617114,0.07471333631083898
ARCHIPIELAGO DE SAN ANDRES PROVIDENCIA Y SANTA CATALINA,FAJARDO VALDERRAMA SERGIO,2001,4602916,0.043472442251824714
ARCHIPIELAGO DE SAN ANDRES PROVIDENCIA Y SANTA CATALINA,MORALES HOYOS VIVIANE ALEIDA,31,36138,0.0857822790414522
ARCHIPIELAGO DE SAN ANDRES PROVIDENCIA Y SANTA CATALINA,PETRO URREGO GUSTAVO FRANCISCO,2361,4854831,0.04863197091721628
ARCHIPIELAGO DE SAN ANDRES PROVIDENCIA Y SANTA CATALINA,TRUJILLO SARMIENTO JORGE ANTONIO,135,65767,0.2052701202730853
ARCHIPIELAGO DE SAN ANDRES PROVIDENCIA Y SANTA CATALINA,VARGAS LLERAS GERMAN,1504,1412392,0.10648601804598157
ATLANTICO,DE LA CALLE LOMBANA HUMBERTO,16375,396151,4.133524842799841
ATLANTICO,DUQUE MARQUEZ IVAN,236291,7617114,3.1021066508916633
ATLANTICO,FAJARDO VALDERRAMA SERGIO,86335,4602916,1.875658821494896
ATLANTICO,MORALES HOYOS VIVIANE ALEIDA,1613,36138,4.463445680447175
ATLANTICO,PETRO URREGO GUSTAVO FRANCISCO,331979,4854831,6.838116507042161
ATLANTICO,TRUJILLO SARMIENTO JORGE ANTONIO,3349,65767,5.092219502181945
ATLANTICO,VARGAS LLERAS GERMAN,173129,1412392,12.257857591943313
BOGOTA DC,DE LA CALLE LOMBANA HUMBERTO,93401,396151,23.57712084533423
BOGOTA DC,DUQUE MARQUEZ IVAN,989744,7617114,12.993687635500795
BOGOTA DC,FAJARDO VALDERRAMA SERGIO,1244477,4602916,27.0367089036602
BOGOTA DC,MORALES HOYOS VIVIANE ALEIDA,5492,36138,15.19729924179534
BOGOTA DC,PETRO URREGO GUSTAVO FRANCISCO,1099955,4854831,22.656916378757572
BOGOTA DC,TRUJILLO SARMIENTO JORGE ANTONIO,10696,65767,16.263475603266077
BOGOTA DC,VARGAS LLERAS GERMAN,172684,1412392,12.226350758146463
BOLIVAR,DE LA CALLE LOMBANA HUMBERTO,10185,396151,2.5709893449719927
BOLIVAR,DUQUE MARQUEZ IVAN,258540,7617114,3.3941989052546675
BOLIVAR,FAJARDO VALDERRAMA SERGIO,55731,4602916,1.2107759515924255
BOLIVAR,MORALES HOYOS VIVIANE ALEIDA,1300,36138,3.5973213791576732
BOLIVAR,PETRO URREGO GUSTAVO FRANCISCO,242471,4854831,4.994427200452497
BOLIVAR,TRUJILLO SARMIENTO JORGE ANTONIO,2203,65767,3.3497042589748656
BOLIVAR,VARGAS LLERAS GERMAN,52686,1412392,3.730267517799591
BOYACA,DE LA CALLE LOMBANA HUMBERTO,10561,396151,2.6659026482326187
BOYACA,DUQUE MARQUEZ IVAN,227676,7617114,2.9890060723785936
BOYACA,FAJARDO VALDERRAMA SERGIO,148357,4602916,3.2231090030754417
BOYACA,MORALES HOYOS VIVIANE ALEIDA,1149,36138,3.1794786651170512
BOYACA,PETRO URREGO GUSTAVO FRANCISCO,122767,4854831,2.5287594974984713
BOYACA,TRUJILLO SARMIENTO JORGE ANTONIO,1646,65767,2.50277494792221
BOYACA,VARGAS LLERAS GERMAN,30030,1412392,2.126180267234592
CALDAS,DE LA CALLE LOMBANA HUMBERTO,14388,396151,3.631948423707122
CALDAS,DUQUE MARQUEZ IVAN,191910,7617114,2.519458156987016
CALDAS,FAJARDO VALDERRAMA SERGIO,162448,4602916,3.529241028947737
CALDAS,MORALES HOYOS VIVIANE ALEIDA,940,36138,2.601140074160164
CALDAS,PETRO URREGO GUSTAVO FRANCISCO,34788,4854831,0.7165645930826428
CALDAS,TRUJILLO SARMIENTO JORGE ANTONIO,1140,65767,1.733392126750498
CALDAS,VARGAS LLERAS GERMAN,30906,1412392,2.18820270859648
CAQUETA,DE LA CALLE LOMBANA HUMBERTO,2666,396151,0.6729757087575192
CAQUETA,DUQUE MARQUEZ IVAN,68250,7617114,0.8960086457941946
CAQUETA,FAJARDO VALDERRAMA SERGIO,21211,4602916,0.4608165780127206
CAQUETA,MORALES HOYOS VIVIANE ALEIDA,408,36138,1.1290054789971775
CAQUETA,PETRO URREGO GUSTAVO FRANCISCO,30003,4854831,0.6180029747688437
CAQUETA,TRUJILLO SARMIENTO JORGE ANTONIO,443,65767,0.6735900983776058
CAQUETA,VARGAS LLERAS GERMAN,3505,1412392,0.2481605673212536
CASANARE,DE LA CALLE LOMBANA HUMBERTO,1480,396151,0.3735949170896956
CASANARE,DUQUE MARQUEZ IVAN,108270,7617114,1.4214044846906586
CASANARE,FAJARDO VALDERRAMA SERGIO,38222,4602916,0.8303866505493473
CASANARE,MORALES HOYOS VIVIANE ALEIDA,359,36138,0.9934141347058498
CASANARE,PETRO URREGO GUSTAVO FRANCISCO,23130,4854831,0.4764326502817503
CASANARE,TRUJILLO SARMIENTO JORGE ANTONIO,449,65767,0.6827132148341873
CASANARE,VARGAS LLERAS GERMAN,3462,1412392,0.24511608675211982
CAUCA,DE LA CALLE LOMBANA HUMBERTO,13153,396151,3.320198611135653
CAUCA,DUQUE MARQUEZ IVAN,107367,7617114,1.4095496010693815
CAUCA,FAJARDO VALDERRAMA SERGIO,60893,4602916,1.3229222518942338
CAUCA,MORALES HOYOS VIVIANE ALEIDA,1205,36138,3.3344402014499974
CAUCA,PETRO URREGO GUSTAVO FRANCISCO,231470,4854831,4.767828169507857
CAUCA,TRUJILLO SARMIENTO JORGE ANTONIO,2504,65767,3.807380601213375
CAUCA,VARGAS LLERAS GERMAN,42164,1412392,2.985290202719925
CESAR,DE LA CALLE LOMBANA HUMBERTO,3062,396151,0.7729375919788162
CESAR,DUQUE MARQUEZ IVAN,172860,7617114,2.2693634360730326
CESAR,FAJARDO VALDERRAMA SERGIO,29041,4602916,0.6309261346502956
CESAR,MORALES HOYOS VIVIANE ALEIDA,727,36138,2.0117328020366374
CESAR,PETRO URREGO GUSTAVO FRANCISCO,141067,4854831,2.905703617695446
CESAR,TRUJILLO SARMIENTO JORGE ANTONIO,1823,65767,2.7719068833913663
CESAR,VARGAS LLERAS GERMAN,39637,1412392,2.8063738678780394
CHOCO,DE LA CALLE LOMBANA HUMBERTO,3806,396151,0.9607447665157982
CHOCO,DUQUE MARQUEZ IVAN,30119,7617114,0.39541222568022477
CHOCO,FAJARDO VALDERRAMA SERGIO,3742,4602916,0.08129629130751027
CHOCO,MORALES HOYOS VIVIANE ALEIDA,393,36138,1.0874979246222813
CHOCO,PETRO URREGO GUSTAVO FRANCISCO,49966,4854831,1.0292016344132267
CHOCO,TRUJILLO SARMIENTO JORGE ANTONIO,540,65767,0.8210804810923412
CHOCO,VARGAS LLERAS GERMAN,24881,1412392,1.761621419549247
CONSULADOS,DE LA CALLE LOMBANA HUMBERTO,4290,396151,1.0829204015640501
CONSULADOS,DUQUE MARQUEZ IVAN,152276,7617114,1.9991298541678648
CONSULADOS,FAJARDO VALDERRAMA SERGIO,73819,4602916,1.6037442351761362
CONSULADOS,MORALES HOYOS VIVIANE ALEIDA,406,36138,1.123471138413858
CONSULADOS,PETRO URREGO GUSTAVO FRANCISCO,34446,4854831,0.709520063623224
CONSULADOS,TRUJILLO SARMIENTO JORGE ANTONIO,396,65767,0.6021256861343834
CONSULADOS,VARGAS LLERAS GERMAN,10439,1412392,0.7391007595625011
CORDOBA,DE LA CALLE LOMBANA HUMBERTO,10421,396151,2.6305625885079174
CORDOBA,DUQUE MARQUEZ IVAN,229234,7617114,3.009460013333134
CORDOBA,FAJARDO VALDERRAMA SERGIO,22256,4602916,0.48351957758951064
CORDOBA,MORALES HOYOS VIVIANE ALEIDA,1139,36138,3.151806962200454
CORDOBA,PETRO URREGO GUSTAVO FRANCISCO,250437,4854831,5.158511181954634
CORDOBA,TRUJILLO SARMIENTO JORGE ANTONIO,3065,65767,4.660391989903752
CORDOBA,VARGAS LLERAS GERMAN,67302,1412392,4.765107703810274
CUNDINAMARCA,DE LA CALLE LOMBANA HUMBERTO,20545,396151,5.1861537645998625
CUNDINAMARCA,DUQUE MARQUEZ IVAN,479936,7617114,6.300759053888388
CUNDINAMARCA,FAJARDO VALDERRAMA SERGIO,329857,4602916,7.166261561149498
CUNDINAMARCA,MORALES HOYOS VIVIANE ALEIDA,2611,36138,7.225081631523604
CUNDINAMARCA,PETRO URREGO GUSTAVO FRANCISCO,236175,4854831,4.864741944673255
CUNDINAMARCA,TRUJILLO SARMIENTO JORGE ANTONIO,4185,65767,6.3633737284656435
CUNDINAMARCA,VARGAS LLERAS GERMAN,85943,1412392,6.084925431466618
GUAINIA,DE LA CALLE LOMBANA HUMBERTO,176,396151,0.044427503653909746
GUAINIA,DUQUE MARQUEZ IVAN,3906,7617114,0.05127926403622159
GUAINIA,FAJARDO VALDERRAMA SERGIO,1233,4602916,0.026787366964767554
GUAINIA,MORALES HOYOS VIVIANE ALEIDA,27,36138,0.07471359787481321
GUAINIA,PETRO URREGO GUSTAVO FRANCISCO,2126,4854831,0.04379143166878517
GUAINIA,TRUJILLO SARMIENTO JORGE ANTONIO,30,65767,0.04561558228290784
GUAINIA,VARGAS LLERAS GERMAN,1840,1412392,0.13027544760944554
GUAVIARE,DE LA CALLE LOMBANA HUMBERTO,927,396151,0.2340016811771269
GUAVIARE,DUQUE MARQUEZ IVAN,11488,7617114,0.15081827579316787
GUAVIARE,FAJARDO VALDERRAMA SERGIO,3876,4602916,0.0842074893393666
GUAVIARE,MORALES HOYOS VIVIANE ALEIDA,94,36138,0.26011400741601637
GUAVIARE,PETRO URREGO GUSTAVO FRANCISCO,5762,4854831,0.11868590276365955
GUAVIARE,TRUJILLO SARMIENTO JORGE ANTONIO,132,65767,0.20070856204479454
GUAVIARE,VARGAS LLERAS GERMAN,1648,1412392,0.1166814878588947
HUILA,DE LA CALLE LOMBANA HUMBERTO,7156,396151,1.8063819099282847
HUILA,DUQUE MARQUEZ IVAN,241612,7617114,3.171962504434094
HUILA,FAJARDO VALDERRAMA SERGIO,77857,4602916,1.6914712325838663
HUILA,MORALES HOYOS VIVIANE ALEIDA,734,36138,2.031102994078256
HUILA,PETRO URREGO GUSTAVO FRANCISCO,95435,4854831,1.9657738858469018
HUILA,TRUJILLO SARMIENTO JORGE ANTONIO,887,65767,1.3487007161646418
HUILA,VARGAS LLERAS GERMAN,17683,1412392,1.2519895326509922
LA GUAJIRA,DE LA CALLE LOMBANA HUMBERTO,3488,396151,0.8804723451411204
LA GUAJIRA,DUQUE MARQUEZ IVAN,76549,7617114,1.0049606714564072
LA GUAJIRA,FAJARDO VALDERRAMA SERGIO,10238,4602916,0.2224242197772021
LA GUAJIRA,MORALES HOYOS VIVIANE ALEIDA,486,36138,1.344844761746638
LA GUAJIRA,PETRO URREGO GUSTAVO FRANCISCO,85523,4854831,1.7616061197598847
LA GUAJIRA,TRUJILLO SARMIENTO JORGE ANTONIO,871,65767,1.3243724056137578
LA GUAJIRA,VARGAS LLERAS GERMAN,18031,1412392,1.2766285846988654
MAGDALENA,DE LA CALLE LOMBANA HUMBERTO,6622,396151,1.6715848249783543
MAGDALENA,DUQUE MARQUEZ IVAN,161863,7617114,2.1249911711968603
MAGDALENA,FAJARDO VALDERRAMA SERGIO,28406,4602916,0.6171305320366481
MAGDALENA,MORALES HOYOS VIVIANE ALEIDA,942,36138,2.6066744147434835
MAGDALENA,PETRO URREGO GUSTAVO FRANCISCO,142945,4854831,2.944386735604185
MAGDALENA,TRUJILLO SARMIENTO JORGE ANTONIO,1668,65767,2.536226374929676
MAGDALENA,VARGAS LLERAS GERMAN,72389,1412392,5.12527683532617
META,DE LA CALLE LOMBANA HUMBERTO,4764,396151,1.202571746631966
META,DUQUE MARQUEZ IVAN,212158,7617114,2.785280619405197
META,FAJARDO VALDERRAMA SERGIO,102329,4602916,2.22313420449124
META,MORALES HOYOS VIVIANE ALEIDA,830,36138,2.2967513420775916
META,PETRO URREGO GUSTAVO FRANCISCO,75945,4854831,1.5643180988174459
META,TRUJILLO SARMIENTO JORGE ANTONIO,1648,65767,2.5058159867410708
META,VARGAS LLERAS GERMAN,21586,1412392,1.5283292457051583
NARINO,DE LA CALLE LOMBANA HUMBERTO,10417,396151,2.629552872515783
NARINO,DUQUE MARQUEZ IVAN,135095,7617114,1.773571985400245
NARINO,FAJARDO VALDERRAMA SERGIO,70582,4602916,1.5334192498842039
NARINO,MORALES HOYOS VIVIANE ALEIDA,1078,36138,2.983009574409209
NARINO,PETRO URREGO GUSTAVO FRANCISCO,239124,4854831,4.925485562731226
NARINO,TRUJILLO SARMIENTO JORGE ANTONIO,1302,65767,1.9797162710782004
NARINO,VARGAS LLERAS GERMAN,44784,1412392,3.1707911118159835
NORTE DE SANTANDER,DE LA CALLE LOMBANA HUMBERTO,6042,396151,1.525176006118879
NORTE DE SANTANDER,DUQUE MARQUEZ IVAN,378192,7617114,4.965030062567004
NORTE DE SANTANDER,FAJARDO VALDERRAMA SERGIO,102376,4602916,2.2241552963382345
NORTE DE SANTANDER,MORALES HOYOS VIVIANE ALEIDA,1088,36138,3.0106812773258067
NORTE DE SANTANDER,PETRO URREGO GUSTAVO FRANCISCO,56972,4854831,1.1735114981345387
NORTE DE SANTANDER,TRUJILLO SARMIENTO JORGE ANTONIO,2327,65767,3.5382486657442183
NORTE DE SANTANDER,VARGAS LLERAS GERMAN,63677,1412392,4.508450911644926
PUTUMAYO,DE LA CALLE LOMBANA HUMBERTO,2974,396151,0.7507238401518613
PUTUMAYO,DUQUE MARQUEZ IVAN,23387,7617114,0.30703229595881065
PUTUMAYO,FAJARDO VALDERRAMA SERGIO,9784,4602916,0.2125609070424053
PUTUMAYO,MORALES HOYOS VIVIANE ALEIDA,193,36138,0.5340638662903314
PUTUMAYO,PETRO URREGO GUSTAVO FRANCISCO,60683,4854831,1.24995082218104
PUTUMAYO,TRUJILLO SARMIENTO JORGE ANTONIO,269,65767,0.4090197211367403
PUTUMAYO,VARGAS LLERAS GERMAN,1865,1412392,0.13204549445196517
QUINDIO,DE LA CALLE LOMBANA HUMBERTO,4339,396151,1.0952894224676955
QUINDIO,DUQUE MARQUEZ IVAN,109631,7617114,1.4392721442793162
QUINDIO,FAJARDO VALDERRAMA SERGIO,98078,4602916,2.130779705734365
QUINDIO,MORALES HOYOS VIVIANE ALEIDA,436,36138,1.2064862471636506
QUINDIO,PETRO URREGO GUSTAVO FRANCISCO,30412,4854831,0.6264275728650492
QUINDIO,TRUJILLO SARMIENTO JORGE ANTONIO,704,65767,1.070445664238904
QUINDIO,VARGAS LLERAS GERMAN,11923,1412392,0.8441707401344669
RISARALDA,DE LA CALLE LOMBANA HUMBERTO,7516,396151,1.8972563492203731
RISARALDA,DUQUE MARQUEZ IVAN,177523,7617114,2.3305808472867806
RISARALDA,FAJARDO VALDERRAMA SERGIO,165882,4602916,3.603845909853667
RISARALDA,MORALES HOYOS VIVIANE ALEIDA,758,36138,2.0975150810780896
RISARALDA,PETRO URREGO GUSTAVO FRANCISCO,54185,4854831,1.1161047624520812
RISARALDA,TRUJILLO SARMIENTO JORGE ANTONIO,1023,65767,1.5554913558471575
RISARALDA,VARGAS LLERAS GERMAN,20705,1412392,1.4659527949747664
SANTANDER,DE LA CALLE LOMBANA HUMBERTO,16956,396151,4.28018609065735
SANTANDER,DUQUE MARQUEZ IVAN,442219,7617114,5.8055977631423135
SANTANDER,FAJARDO VALDERRAMA SERGIO,271244,4602916,5.892873126513715
SANTANDER,MORALES HOYOS VIVIANE ALEIDA,1981,36138,5.481764347777962
SANTANDER,PETRO URREGO GUSTAVO FRANCISCO,171750,4854831,3.5377132592257077
SANTANDER,TRUJILLO SARMIENTO JORGE ANTONIO,3965,65767,6.028859458390986
SANTANDER,VARGAS LLERAS GERMAN,63746,1412392,4.51333624093028
SUCRE,DE LA CALLE LOMBANA HUMBERTO,4607,396151,1.1629403939406944
SUCRE,DUQUE MARQUEZ IVAN,129976,7617114,1.7063680548827287
SUCRE,FAJARDO VALDERRAMA SERGIO,12018,4602916,0.2610953578123085
SUCRE,MORALES HOYOS VIVIANE ALEIDA,844,36138,2.335491726160828
SUCRE,PETRO URREGO GUSTAVO FRANCISCO,154801,4854831,3.1885970901973724
SUCRE,TRUJILLO SARMIENTO JORGE ANTONIO,2109,65767,3.2067754344884216
SUCRE,VARGAS LLERAS GERMAN,40782,1412392,2.887442013265439
TOLIMA,DE LA CALLE LOMBANA HUMBERTO,11568,396151,2.9200986492524317
TOLIMA,DUQUE MARQUEZ IVAN,285470,7617114,3.747744880803937
TOLIMA,FAJARDO VALDERRAMA SERGIO,118385,4602916,2.571956559711279
TOLIMA,MORALES HOYOS VIVIANE ALEIDA,1164,36138,3.2209862194919476
TOLIMA,PETRO URREGO GUSTAVO FRANCISCO,95578,4854831,1.9687194054746706
TOLIMA,TRUJILLO SARMIENTO JORGE ANTONIO,1910,65767,2.9041920720117993
TOLIMA,VARGAS LLERAS GERMAN,48891,1412392,3.4615744071051098
VALLE DEL CAUCA,DE LA CALLE LOMBANA HUMBERTO,40858,396151,10.313744001655936
VALLE DEL CAUCA,DUQUE MARQUEZ IVAN,527622,7617114,6.926796684413546
VALLE DEL CAUCA,FAJARDO VALDERRAMA SERGIO,502367,4602916,10.91410314678782
VALLE DEL CAUCA,MORALES HOYOS VIVIANE ALEIDA,2971,36138,8.221262936521114
VALLE DEL CAUCA,PETRO URREGO GUSTAVO FRANCISCO,485867,4854831,10.007907587308393
VALLE DEL CAUCA,TRUJILLO SARMIENTO JORGE ANTONIO,6852,65767,10.41859899341615
VALLE DEL CAUCA,VARGAS LLERAS GERMAN,137373,1412392,9.726265795898023
VAUPES,DE LA CALLE LOMBANA HUMBERTO,1141,396151,0.2880214867563126
VAUPES,DUQUE MARQUEZ IVAN,1013,7617114,0.013299000119992951
VAUPES,FAJARDO VALDERRAMA SERGIO,553,4602916,0.012014123221019022
VAUPES,MORALES HOYOS VIVIANE ALEIDA,21,36138,0.05811057612485472
VAUPES,PETRO URREGO GUSTAVO FRANCISCO,2514,4854831,0.05178347093853524
VAUPES,TRUJILLO SARMIENTO JORGE ANTONIO,24,65767,0.03649246582632627
VAUPES,VARGAS LLERAS GERMAN,1359,1412392,0.09621974635936766
VICHADA,DE LA CALLE LOMBANA HUMBERTO,206,396151,0.05200037359491708
VICHADA,DUQUE MARQUEZ IVAN,8456,7617114,0.11101317375583457
VICHADA,FAJARDO VALDERRAMA SERGIO,1534,4602916,0.03332669985722094
VICHADA,MORALES HOYOS VIVIANE ALEIDA,45,36138,0.1245226631246887
VICHADA,PETRO URREGO GUSTAVO FRANCISCO,3243,4854831,0.06679944162834917
VICHADA,TRUJILLO SARMIENTO JORGE ANTONIO,69,65767,0.10491583925068804
VICHADA,VARGAS LLERAS GERMAN,2005,1412392,0.14195775677007516
