departamento,municipio,votos
BOGOTA DC,BOGOTA DC,3705960
ANTIOQUIA,MEDELLIN,1009878
VALLE DEL CAUCA,CALI,883217
ATLANTICO,BARRANQUILLA,501970
NORTE DE SANTANDER,SAN JOSE DE CUCUTA,320722
SANTANDER,BUCARAMANGA,306948
BOLIVAR,CARTAGENA DE INDIAS,304264
TOLIMA,IBAGUE,255315
RISARALDA,PEREIRA,234395
META,VILLAVICENCIO,225253
CALDAS,MANIZALES,208805
ANTIOQUIA,BELLO,185544
MAGDALENA,SANTA MARTA,170079
NARINO,PASTO,165889
CORDOBA,MONTERIA,162884
HUILA,NEIVA,156239
CESAR,VALLEDUPAR,152118
CUNDINAMARCA,SOACHA,151985
ANTIOQUIA,ENVIGADO,151487
QUINDIO,ARMENIA,148610
ANTIOQUIA,ITAGUI,144413
VALLE DEL CAUCA,PALMIRA,138208
CAUCA,POPAYAN,137183
SANTANDER,FLORIDABLANCA,129101
ATLANTICO,SOLEDAD,121417
CONSULADOS,ESTADOS UNIDOS,112815
SUCRE,SINCELEJO,107787
SANTANDER,BARRANCABERMEJA,99139
RISARALDA,DOSQUEBRADAS,94904
VALLE DEL CAUCA,TULUA,88304
VALLE DEL CAUCA,BUENAVENTURA,87362
BOYACA,TUNJA,82722
CASANARE,YOPAL,73818
ANTIOQUIA,RIONEGRO,71814
SANTANDER,GIRON,71190
SANTANDER,PIEDECUESTA,70905
CAQUETA,FLORENCIA,67718
CUNDINAMARCA,CHIA,66474
CUNDINAMARCA,FACATATIVA,63969
CUNDINAMARCA,FUSAGASUGA,63732
CUNDINAMARCA,ZIPAQUIRA,60968
BOYACA,SOGAMOSO,60309
BOYACA,DUITAMA,59110
VALLE DEL CAUCA,CARTAGO,57823
VALLE DEL CAUCA,GUADALAJARA DE BUGA,57616
HUILA,PITALITO,52416
VALLE DEL CAUCA,JAMUNDI,52272
VALLE DEL CAUCA,YUMBO,51741
CUNDINAMARCA,MOSQUERA,49645
LA GUAJIRA,RIOHACHA,49327
CUNDINAMARCA,GIRARDOT,48377
NARINO,SAN ANDRES DE TUMACO,47813
ANTIOQUIA,SABANETA,47259
CUNDINAMARCA,FUNZA,47063
CUNDINAMARCA,MADRID,44317
NORTE DE SANTANDER,OCANA,43863
CORDOBA,LORICA,43813
ANTIOQUIA,APARTADO,43472
META,ACACIAS,43036
BOLIVAR,MAGANGUE,42826
NARINO,IPIALES,41858
CAUCA,SANTANDER DE QUILICHAO,41827
NORTE DE SANTANDER,LOS PATIOS,40917
CESAR,AGUACHICA,40134
NORTE DE SANTANDER,VILLA DEL ROSARIO,39752
CORDOBA,SAHAGUN,39655
CORDOBA,CERETE,38817
ANTIOQUIA,CALDAS,38672
LA GUAJIRA,MAICAO,38399
ATLANTICO,MALAMBO,38185
ANTIOQUIA,COPACABANA,37753
RISARALDA,SANTA ROSA DE CABAL,36683
VALLE DEL CAUCA,CANDELARIA,36340
ARAUCA,ARAUCA,35774
ATLANTICO,SABANALARGA,35649
CHOCO,QUIBDO,35499
MAGDALENA,CIENAGA,35224
CONSULADOS,VENEZUELA,35007
TOLIMA,ESPINAL,34780
CUNDINAMARCA,CAJICA,34702
ANTIOQUIA,TURBO,34615
QUINDIO,CALARCA,34533
ANTIOQUIA,LA ESTRELLA,33242
ANTIOQUIA,LA CEJA,33146
ANTIOQUIA,CAUCASIA,31518
CORDOBA,MONTELIBANO,28974
CALDAS,LA DORADA,28891
NORTE DE SANTANDER,PAMPLONA,28663
HUILA,GARZON,28527
META,GRANADA,28405
ANTIOQUIA,MARINILLA,27208
SUCRE,COROZAL,27187
CONSULADOS,ESPANA,26946
VALLE DEL CAUCA,EL CERRITO,26746
ANTIOQUIA,GIRARDOTA,26402
CALDAS,VILLAMARIA,26357
VALLE DEL CAUCA,FLORIDA,26060
SANTANDER,SAN GIL,25738
BOLIVAR,TURBACO,25429
CALDAS,CHINCHINA,25052
BOYACA,CHIQUINQUIRA,24604
ANTIOQUIA,EL CARMEN DE VIBORAL,24599
CORDOBA,PLANETA RICA,24486
CORDOBA,TIERRALTA,24040
CORDOBA,CIENAGA DE ORO,23810
ATLANTICO,BARANOA,23552
BOLIVAR,EL CARMEN DE BOLIVAR,23185
ANTIOQUIA,GUARNE,23178
MAGDALENA,FUNDACION,22883
HUILA,LA PLATA,22174
CESAR,AGUSTIN CODAZZI,21966
CORDOBA,CHINU,21566
MAGDALENA,EL BANCO,21291
ANTIOQUIA,BARBOSA,21133
BOYACA,PUERTO BOYACA,21100
CALDAS,RIOSUCIO,20855
SUCRE,SAN MARCOS,20718
BOLIVAR,ARJONA,20586
VALLE DEL CAUCA,PRADERA,20572
CUNDINAMARCA,TOCANCIPA,19807
PUTUMAYO,PUERTO ASIS,19796
ANTIOQUIA,CHIGORODO,19714
CUNDINAMARCA,VILLA DE SAN DIEGO DE UBATE,19690
CASANARE,AGUAZUL,19482
SANTANDER,LEBRIJA,19427
PUTUMAYO,MOCOA,19119
VALLE DEL CAUCA,ZARZAL,19110
SUCRE,SAMPUES,18610
GUAVIARE,SAN JOSE DEL GUAVIARE,18473
LA GUAJIRA,URIBIA,18340
ANTIOQUIA,CAREPA,18306
CAUCA,PUERTO TEJADA,18268
ANTIOQUIA,EL SANTUARIO,18253
TOLIMA,CHAPARRAL,17893
SUCRE,SAN ONOFRE,17738
MAGDALENA,PLATO,17725
QUINDIO,MONTENEGRO,17537
VALLE DEL CAUCA,SEVILLA,17491
ARAUCA,TAME,17476
CORDOBA,SAN PELAYO,17429
ATLANTICO,PUERTO COLOMBIA,17079
ATLANTICO,GALAPA,16975
MAGDALENA,ZONA BANANERA,16970
TOLIMA,MELGAR,16734
CUNDINAMARCA,COTA,16711
RISARALDA,LA VIRGINIA,16686
ARAUCA,SARAVENA,16593
TOLIMA,LIBANO,16585
LA GUAJIRA,SAN JUAN DEL CESAR,16575
BOYACA,PAIPA,16527
CUNDINAMARCA,SIBATE,16492
VALLE DEL CAUCA,ROLDANILLO,16415
CONSULADOS,CANADA,15992
NARINO,TUQUERRES,15984
VALLE DEL CAUCA,DAGUA,15791
META,PUERTO GAITAN,15678
QUINDIO,QUIMBAYA,15626
VALLE DEL CAUCA,LA UNION,15567
QUINDIO,LA TEBAIDA,15515
ANTIOQUIA,SANTA ROSA DE OSOS,15498
ANTIOQUIA,ANDES,15404
CALDAS,ANSERMA,15399
CASANARE,PAZ DE ARIPORO,15240
CESAR,LA JAGUA DE IBIRICO,15003
TOLIMA,SAN SEBASTIAN DE MARIQUITA,14898
VALLE DEL CAUCA,GUACARI,14839
ANTIOQUIA,YARUMAL,14738
NORTE DE SANTANDER,TIBU,14630
CUNDINAMARCA,LA MESA,14597
AMAZONAS,LETICIA,14559
CUNDINAMARCA,LA CALERA,14441
SANTANDER,SOCORRO,14429
ANTIOQUIA,SONSON,14313
SANTANDER,BARBOSA,14300
ANTIOQUIA,PUERTO BERRIO,14276
CASANARE,VILLANUEVA,14234
CUNDINAMARCA,VILLETA,13952
BOLIVAR,SANTA CRUZ DE MOMPOX,13946
CESAR,BOSCONIA,13912
CORDOBA,SAN ANDRES DE SOTAVENTO,13879
META,PUERTO LOPEZ,13832
QUINDIO,CIRCASIA,13805
VALLE DEL CAUCA,CAICEDONIA,13788
CAUCA,EL TAMBO,13721
SANTANDER,CIMITARRA,13706
LA GUAJIRA,FONSECA,13683
BOLIVAR,SAN JUAN NEPOMUCENO,13547
CAUCA,PIENDAMO  TUNIA,13492
SUCRE,MAJAGUAL,13366
CUNDINAMARCA,SOPO,13364
HUILA,CAMPOALEGRE,13357
SUCRE,SAN LUIS DE SINCE,13331
CAQUETA,SAN VICENTE DEL CAGUAN,13321
TOLIMA,GUAMO,13162
PUTUMAYO,ORITO,13054
CESAR,CURUMANI,13035
TOLIMA,FRESNO,13008
CAUCA,TIMBIO,12901
BOLIVAR,MARIA LA BAJA,12783
CORDOBA,AYAPEL,12671
ATLANTICO,SANTO TOMAS,12578
CUNDINAMARCA,EL COLEGIO,12535
SUCRE,SANTIAGO DE TOLU,12496
CUNDINAMARCA,GUADUAS,12463
CAUCA,MIRANDA,12326
CORDOBA,PUERTO LIBERTADOR,12283
HUILA,SAN AGUSTIN,12210
CUNDINAMARCA,PACHO,12091
ATLANTICO,SABANAGRANDE,12061
SANTANDER,RIONEGRO,12000
ANTIOQUIA,RETIRO,11974
CUNDINAMARCA,EL ROSAL,11930
ANTIOQUIA,NECOCLI,11924
CORDOBA,PUEBLO NUEVO,11924
SANTANDER,PUERTO WILCHES,11882
ARAUCA,ARAUQUITA,11845
SANTANDER,SAN VICENTE DE CHUCURI,11843
CAUCA,BOLIVAR,11780
CALDAS,SUPIA,11733
ANTIOQUIA,EL BAGRE,11717
MAGDALENA,PIVIJAY,11705
CAUCA,SILVIA,11689
TOLIMA,HONDA,11664
CESAR,EL PASO,11627
SANTANDER,SABANA DE TORRES,11613
TOLIMA,ORTEGA,11582
PUTUMAYO,VALLE DEL GUAMUEZ,11577
ARCHIPIELAGO DE SAN ANDRES PROVIDENCIA Y SANTA CATALINA,SAN ANDRES,11572
NARINO,CUMBAL,11470
ANTIOQUIA,SAN PEDRO DE LOS MILAGROS,11445
CASANARE,TAURAMENA,11433
RISARALDA,BELEN DE UMBRIA,11359
NORTE DE SANTANDER,ABREGO,11310
NARINO,LA UNION,11295
ANTIOQUIA,LA UNION,11234
SUCRE,OVEJAS,11213
HUILA,ISNOS,11208
CAUCA,CALOTO,11171
BOLIVAR,SANTA ROSA DEL SUR,11158
CAUCA,CALDONO,11157
MAGDALENA,ARACATACA,11135
META,CUMARAL,11124
NORTE DE SANTANDER,EL ZULIA,11091
CUNDINAMARCA,TABIO,11054
META,SAN MARTIN,11035
CUNDINAMARCA,TENJO,11034
CESAR,EL COPEY,10986
CAUCA,TORIBIO,10806
CORDOBA,SAN BERNARDO DEL VIENTO,10806
CORDOBA,TUCHIN,10805
CALDAS,NEIRA,10785
HUILA,ACEVEDO,10777
ANTIOQUIA,CIUDAD BOLIVAR,10748
TOLIMA,PURIFICACION,10708
HUILA,PALERMO,10665
SUCRE,LOS PALMITOS,10646
CORDOBA,SAN ANTERO,10606
CAUCA,CORINTO,10537
ANTIOQUIA,AMAGA,10460
RISARALDA,QUINCHIA,10435
CORDOBA,VALENCIA,10336
CESAR,CHIMICHAGUA,10311
CESAR,CHIRIGUANA,10272
LA GUAJIRA,MANAURE,10243
MAGDALENA,ARIGUANI,10160
ANTIOQUIA,ARBOLETES,10156
CUNDINAMARCA,SILVANIA,10151
CESAR,SAN ALBERTO,10149
SUCRE,SAN JOSE DE TOLUVIEJO,10134
VALLE DEL CAUCA,BUGALAGRANDE,10083
ATLANTICO,REPELON,10079
CALDAS,AGUADAS,10039
CAUCA,PATIA,9935
ANTIOQUIA,SANTA BARBARA,9925
CUNDINAMARCA,COGUA,9877
ANTIOQUIA,SAN VICENTE FERRER,9863
LA GUAJIRA,BARRANCAS,9859
ANTIOQUIA,SANTA FE DE ANTIOQUIA,9856
HUILA,GIGANTE,9800
BOYACA,MONIQUIRA,9787
BOLIVAR,SAN JACINTO,9779
CESAR,SAN MARTIN,9734
TOLIMA,FLANDES,9674
VALLE DEL CAUCA,ANDALUCIA,9659
CESAR,LA PAZ,9646
ANTIOQUIA,SAN PEDRO DE URABA,9518
VALLE DEL CAUCA,GINEBRA,9454
SANTANDER,MALAGA,9425
CAUCA,PAEZ,9321
CAUCA,CAJIBIO,9299
META,RESTREPO,9279
ATLANTICO,PALMAR DE VARELA,9265
ATLANTICO,LURUACO,9161
ANTIOQUIA,PENOL,9131
HUILA,TIMANA,9071
HUILA,RIVERA,9067
SUCRE,SUCRE,9058
LA GUAJIRA,VILLANUEVA,9043
CALDAS,PENSILVANIA,9029
NARINO,SAMANIEGO,8996
ANTIOQUIA,DONMATIAS,8965
CUNDINAMARCA,CHOCONTA,8962
CUNDINAMARCA,CAQUEZA,8872
CUNDINAMARCA,VILLAPINZON,8803
TOLIMA,PLANADAS,8751
CALDAS,SAMANA,8717
PUTUMAYO,VILLAGARZON,8694
TOLIMA,ROVIRA,8677
SANTANDER,VELEZ,8661
CONSULADOS,ARGENTINA,8611
BOYACA,NOBSA,8605
CAUCA,GUACHENE,8595
ATLANTICO,CAMPO DE LA CRUZ,8590
NARINO,BUESACO,8542
CAUCA,INZA,8463
SUCRE,SAN PEDRO,8460
CUNDINAMARCA,SUBACHOQUE,8450
META,CASTILLA LA NUEVA,8446
CAUCA,ARGELIA,8348
GUAINIA,INIRIDA,8325
CHOCO,ISTMINA,8297
ANTIOQUIA,URRAO,8287
NORTE DE SANTANDER,CHINACOTA,8280
SUCRE,SAN BENITO ABAD,8270
VALLE DEL CAUCA,ANSERMANUEVO,8245
CORDOBA,SAN CARLOS,8208
CUNDINAMARCA,LA VEGA,8198
CESAR,RIO DE ORO,8191
CONSULADOS,ECUADOR,8177
CONSULADOS,CHILE,8149
MAGDALENA,GUAMAL,8102
CAUCA,MORALES,8100
CAUCA,VILLA RICA,8081
SUCRE,GALERAS,8066
TOLIMA,CAJAMARCA,8018
RISARALDA,MARSELLA,7971
META,GUAMAL,7926
CALDAS,MANZANARES,7908
BOLIVAR,MAHATES,7897
CAUCA,BUENOS AIRES,7895
CONSULADOS,AUSTRALIA,7891
BOLIVAR,SAN PABLO,7861
ATLANTICO,JUAN DE ACOSTA,7827
ATLANTICO,PONEDERA,7795
TOLIMA,LERIDA,7749
NORTE DE SANTANDER,SARDINATA,7725
ATLANTICO,POLONUEVO,7719
LA GUAJIRA,DIBULLA,7698
CAQUETA,PUERTO RICO,7697
HUILA,AIPE,7686
VALLE DEL CAUCA,TRUJILLO,7677
NARINO,SANDONA,7665
ANTIOQUIA,SEGOVIA,7663
SUCRE,MORROA,7662
LA GUAJIRA,ALBANIA,7658
CORDOBA,COTORRA,7657
BOYACA,SAMACA,7648
BOYACA,VILLA DE LEYVA,7644
CALDAS,VITERBO,7598
CORDOBA,MOMIL,7573
VALLE DEL CAUCA,RIOFRIO,7570
CASANARE,MONTERREY,7536
BOLIVAR,ACHI,7529
ANTIOQUIA,COCORNA,7517
MAGDALENA,SANTA ANA,7514
ANTIOQUIA,FREDONIA,7512
VALLE DEL CAUCA,SAN PEDRO,7505
MAGDALENA,PUEBLOVIEJO,7457
ANTIOQUIA,TAMESIS,7448
CORDOBA,BUENAVISTA,7427
CESAR,BECERRIL,7417
CESAR,SAN DIEGO,7408
CUNDINAMARCA,ANAPOIMA,7355
TOLIMA,ATACO,7348
NARINO,GUACHUCAL,7330
MAGDALENA,SAN SEBASTIAN DE BUENAVISTA,7317
CORDOBA,MONITOS,7303
CORDOBA,PUERTO ESCONDIDO,7291
TOLIMA,COYAIMA,7262
ANTIOQUIA,SAN CARLOS,7261
NARINO,LA CRUZ,7259
CESAR,ASTREA,7244
CALDAS,SALAMINA,7231
CUNDINAMARCA,GUASCA,7223
NARINO,PUPIALES,7222
CUNDINAMARCA,GACHANCIPA,7220
BOLIVAR,CALAMAR,7205
HUILA,ALGECIRAS,7165
MAGDALENA,NUEVA GRANADA,7142
BOYACA,AQUITANIA,7134
CUNDINAMARCA,CHOACHI,7129
CALDAS,PALESTINA,7102
ANTIOQUIA,JARDIN,7070
CUNDINAMARCA,SUESCA,7049
VICHADA,PUERTO CARRENO,7020
CESAR,PAILITAS,7008
BOYACA,GARAGOA,6996
VALLE DEL CAUCA,YOTOCO,6995
ANTIOQUIA,YONDO,6983
CESAR,PELAYA,6968
ANTIOQUIA,PUERTO TRIUNFO,6963
ANTIOQUIA,SAN JUAN DE URABA,6916
CAQUETA,EL DONCELLO,6884
VALLE DEL CAUCA,BOLIVAR,6862
SUCRE,SAN JUAN DE BETULIA,6842
META,VISTAHERMOSA,6808
CUNDINAMARCA,TOCAIMA,6807
NARINO,TAMINANGO,6774
VALLE DEL CAUCA,CALIMA,6760
CONSULADOS,PANAMA,6736
TOLIMA,NATAGAIMA,6723
SANTANDER,PUENTE NACIONAL,6722
VALLE DEL CAUCA,RESTREPO,6703
HUILA,SUAZA,6701
TOLIMA,SALDANA,6693
ANTIOQUIA,CANASGORDAS,6671
CUNDINAMARCA,NEMOCON,6664
BOLIVAR,SAN ESTANISLAO,6640
CASANARE,MANI,6636
CAUCA,GUAPI,6634
BOLIVAR,PINILLOS,6600
BOLIVAR,CORDOBA,6594
ANTIOQUIA,ABEJORRAL,6582
CORDOBA,LOS CORDOBAS,6581
CUNDINAMARCA,ANOLAIMA,6564
ANTIOQUIA,SAN ROQUE,6536
NORTE DE SANTANDER,TOLEDO,6528
TOLIMA,RIOBLANCO,6458
CAUCA,SUAREZ,6449
BOLIVAR,VILLANUEVA,6442
HUILA,GUADALUPE,6428
CUNDINAMARCA,PUERTO SALGAR,6422
CORDOBA,PURISIMA DE LA CONCEPCION,6421
CAUCA,TIMBIQUI,6408
TOLIMA,SAN LUIS,6403
CALDAS,PACORA,6392
CAUCA,BALBOA,6360
HUILA,TARQUI,6317
VALLE DEL CAUCA,LA CUMBRE,6316
ANTIOQUIA,SAN JERONIMO,6291
ATLANTICO,CANDELARIA,6246
SANTANDER,EL PLAYON,6164
LA GUAJIRA,HATONUEVO,6144
CUNDINAMARCA,RICAURTE,6122
CAQUETA,CARTAGENA DEL CHAIRA,6102
ANTIOQUIA,CONCORDIA,6100
BOLIVAR,TURBANA,6086
CALDAS,MARQUETALIA,6082
ANTIOQUIA,YOLOMBO,6054
ANTIOQUIA,AMALFI,6049
NARINO,EL TAMBO,6027
ATLANTICO,MANATI,6013
ANTIOQUIA,REMEDIOS,6009
ANTIOQUIA,SAN RAFAEL,5992
NARINO,SAN LORENZO,5990
SANTANDER,EL CARMEN DE CHUCURI,5988
RISARALDA,SANTUARIO,5967
VALLE DEL CAUCA,TORO,5961
MAGDALENA,EL RETEN,5961
CHOCO,RIOSUCIO,5943
CUNDINAMARCA,VIOTA,5941
CESAR,PUEBLO BELLO,5913
CUNDINAMARCA,FOMEQUE,5908
ANTIOQUIA,SAN LUIS,5908
QUINDIO,FILANDIA,5906
CORDOBA,CHIMA,5889
CONSULADOS,INGLATERRA,5883
ANTIOQUIA,DABEIBA,5883
ANTIOQUIA,SOPETRAN,5880
VALLE DEL CAUCA,LA VICTORIA,5824
CESAR,LA GLORIA,5804
CALDAS,ARANZAZU,5791
CORDOBA,CANALETE,5775
CUNDINAMARCA,ARBELAEZ,5718
RISARALDA,GUATICA,5717
MAGDALENA,SITIONUEVO,5716
CONSULADOS,MEXICO,5714
TOLIMA,VENADILLO,5710
SUCRE,COVENAS,5686
BOLIVAR,MORALES,5672
CAUCA,LA VEGA,5657
SUCRE,GUARANDA,5649
CONSULADOS,FRANCIA,5629
RISARALDA,APIA,5624
ANTIOQUIA,TARAZA,5616
ANTIOQUIA,JERICO,5601
BOYACA,TIBASOSA,5577
BOYACA,VENTAQUEMADA,5561
CALDAS,BELALCAZAR,5556
CUNDINAMARCA,AGUA DE DIOS,5542
ANTIOQUIA,SALGAR,5530
ANTIOQUIA,CACERES,5516
PUTUMAYO,SIBUNDOY,5492
CUNDINAMARCA,SESQUILE,5487
HUILA,LA ARGENTINA,5478
CUNDINAMARCA,SIMIJACA,5459
ANTIOQUIA,NECHI,5450
VALLE DEL CAUCA,ALCALA,5449
CORDOBA,LA APARTADA,5435
CASANARE,TRINIDAD,5429
MAGDALENA,CHIVOLO,5422
BOYACA,SANTA ROSA DE VITERBO,5414
MAGDALENA,EL PINON,5407
ANTIOQUIA,ZARAGOZA,5406
ANTIOQUIA,FRONTINO,5395
ANTIOQUIA,PUERTO NARE,5394
CUNDINAMARCA,CACHIPAY,5394
VALLE DEL CAUCA,OBANDO,5385
VAUPES,MITU,5367
NARINO,EL TABLON DE GOMEZ,5366
TOLIMA,SAN ANTONIO,5361
SANTANDER,CURITI,5345
NARINO,SAN PABLO,5332
BOLIVAR,SIMITI,5322
VALLE DEL CAUCA,VIJES,5317
CAUCA,TOTORO,5288
NORTE DE SANTANDER,PUERTO SANTANDER,5279
HUILA,TELLO,5274
ANTIOQUIA,BETULIA,5272
HUILA,PITAL,5271
CUNDINAMARCA,SAN FRANCISCO,5268
BOYACA,SABOYA,5266
ANTIOQUIA,GRANADA,5247
CAUCA,MERCADERES,5242
META,SAN CARLOS DE GUAROA,5235
MAGDALENA,SABANAS DE SAN ANGEL,5228
CHOCO,TADO,5209
SANTANDER,LOS SANTOS,5201
META,FUENTE DE ORO,5199
TOLIMA,CARMEN DE APICALA,5198
CUNDINAMARCA,SAN ANTONIO DEL TEQUENDAMA,5196
HUILA,SALADOBLANCO,5182
NARINO,EL CHARCO,5178
SANTANDER,CHARALA,5177
RISARALDA,MISTRATO,5174
PUTUMAYO,SAN MIGUEL,5150
NARINO,BARBACOAS,5133
CAUCA,JAMBALO,5132
PUTUMAYO,PUERTO LEGUIZAMO,5124
CUNDINAMARCA,SASAIMA,5124
CALDAS,RISARALDA,5106
MAGDALENA,ALGARROBO,5086
BOYACA,GUATEQUE,5080
CUNDINAMARCA,CAPARRAPI,5044
ARAUCA,FORTUL,5039
CESAR,GAMARRA,5028
ATLANTICO,TUBARA,5019
CAUCA,ALMAGUER,4986
CUNDINAMARCA,GACHETA,4968
BOLIVAR,SANTA ROSA,4965
SUCRE,LA UNION,4955
HUILA,PALESTINA,4943
ANTIOQUIA,CISNEROS,4933
MAGDALENA,TENERIFE,4926
NARINO,CHACHAGUI,4926
NORTE DE SANTANDER,CHITAGA,4920
SANTANDER,OIBA,4902
SUCRE,CAIMITO,4882
ATLANTICO,SANTA LUCIA,4859
CUNDINAMARCA,GUACHETA,4833
HUILA,SANTA MARIA,4829
ANTIOQUIA,EBEJICO,4796
CUNDINAMARCA,CHIPAQUE,4784
CUNDINAMARCA,SAN JUAN DE RIOSECO,4772
ANTIOQUIA,VENECIA,4771
SUCRE,PALMITO,4767
NARINO,CORDOBA,4729
NORTE DE SANTANDER,SALAZAR,4703
TOLIMA,ARMERO,4699
BOYACA,COMBITA,4679
NARINO,GUAITARILLA,4641
CALDAS,FILADELFIA,4640
CESAR,TAMALAMEQUE,4637
NORTE DE SANTANDER,CONVENCION,4636
META,PUERTO RICO,4635
BOLIVAR,SAN MARTIN DE LOBA,4628
NARINO,RICAURTE,4618
BOYACA,SOATA,4616
ANTIOQUIA,ENTRERRIOS,4589
CHOCO,ALTO BAUDO,4582
VALLE DEL CAUCA,EL DOVIO,4578
ANTIOQUIA,GUATAPE,4571
SUCRE,BUENAVISTA,4570
BOLIVAR,TIQUISIO,4570
MAGDALENA,SAN ZENON,4566
CASANARE,PORE,4544
NARINO,OLAYA HERRERA,4544
CUNDINAMARCA,BOJACA,4532
SUCRE,EL ROBLE,4529
HUILA,TESALIA,4526
CUNDINAMARCA,YACOPI,4508
LA GUAJIRA,URUMITA,4507
NORTE DE SANTANDER,LA ESPERANZA,4506
ANTIOQUIA,ITUANGO,4492
CAQUETA,EL PAUJIL,4480
SANTANDER,LANDAZURI,4478
BOYACA,TUTA,4478
BOLIVAR,SANTA CATALINA,4470
BOYACA,MIRAFLORES,4466
HUILA,OPORAPA,4461
MAGDALENA,PIJINO DEL CARMEN,4455
CALDAS,VICTORIA,4442
NORTE DE SANTANDER,EL TARRA,4441
LA GUAJIRA,DISTRACCION,4437
PUTUMAYO,PUERTO GUZMAN,4410
BOLIVAR,CLEMENCIA,4408
ATLANTICO,SUAN,4405
NARINO,POLICARPA,4391
TOLIMA,ICONONZO,4359
NARINO,YACUANQUER,4354
BOLIVAR,ZAMBRANO,4353
ANTIOQUIA,SANTO DOMINGO,4352
BOLIVAR,TALAIGUA NUEVO,4346
CAQUETA,SAN JOSE DEL FRAGUA,4339
ANTIOQUIA,LIBORINA,4325
MAGDALENA,CONCORDIA,4307
CASANARE,HATO COROZAL,4300
SANTANDER,ZAPATOCA,4300
BOLIVAR,HATILLO DE LOBA,4300
BOYACA,MUZO,4279
NARINO,CONSACA,4268
NARINO,LINARES,4248
ATLANTICO,USIACURI,4245
NARINO,PUERRES,4240
BOYACA,RAMIRIQUI,4220
CUNDINAMARCA,PARATEBUENO,4218
PUTUMAYO,PUERTO CAICEDO,4204
CUNDINAMARCA,PASCA,4192
VICHADA,CUMARIBO,4188
CASANARE,OROCUE,4186
BOLIVAR,BARRANCO DE LOBA,4184
CAUCA,LA SIERRA,4177
META,LEJANIAS,4174
META,MESETAS,4170
SANTANDER,BARICHARA,4156
CUNDINAMARCA,APULO,4151
BOLIVAR,CICUCO,4135
NORTE DE SANTANDER,ARBOLEDAS,4134
CAQUETA,LA MONTANITA,4122
NARINO,POTOSI,4119
SANTANDER,MOGOTES,4117
CUNDINAMARCA,TENA,4117
NARINO,LA FLORIDA,4105
RISARALDA,PUEBLO RICO,4101
NORTE DE SANTANDER,CACHIRA,4095
NORTE DE SANTANDER,BOCHALEMA,4094
ANTIOQUIA,MUTATA,4092
CESAR,MANAURE BALCON DEL CESAR,4077
GUAVIARE,EL RETORNO,4051
CAUCA,ROSAS,4011
NARINO,LOS ANDES,4004
CASANARE,NUNCHIA,3993
HUILA,IQUIRA,3991
CUNDINAMARCA,SAN BERNARDO,3990
CUNDINAMARCA,MEDINA,3978
CUNDINAMARCA,UBALA,3978
HUILA,YAGUARA,3975
NARINO,TANGUA,3967
CUNDINAMARCA,LENGUAZAQUE,3960
CAUCA,PURACE,3956
CAUCA,LOPEZ DE MICAY,3956
VALLE DEL CAUCA,EL AGUILA,3956
SUCRE,COLOSO,3950
SANTANDER,SUAITA,3943
TOLIMA,PRADO,3940
CUNDINAMARCA,UNE,3938
NORTE DE SANTANDER,EL CARMEN,3899
ANTIOQUIA,GOMEZ PLATA,3897
TOLIMA,COELLO,3893
BOLIVAR,MARGARITA,3883
HUILA,AGRADO,3881
CHOCO,CONDOTO,3876
NARINO,ALBAN,3862
HUILA,TERUEL,3838
BOYACA,TOCA,3825
CUNDINAMARCA,VERGARA,3813
SANTANDER,BOLIVAR,3810
BOLIVAR,SOPLAVIENTO,3803
NORTE DE SANTANDER,SAN CAYETANO,3781
CAQUETA,BELEN DE LOS ANDAQUIES,3774
QUINDIO,GENOVA,3758
SANTANDER,VILLANUEVA,3751
BOYACA,BELEN,3740
NARINO,SAN BERNARDO,3724
LA GUAJIRA,EL MOLINO,3714
ANTIOQUIA,NARINO,3709
CONSULADOS,COSTA RICA,3708
TOLIMA,ALVARADO,3707
CAUCA,PADILLA,3706
ANTIOQUIA,VEGACHI,3705
NORTE DE SANTANDER,CUCUTILLA,3689
CUNDINAMARCA,LA PALMA,3676
TOLIMA,PALOCABILDO,3649
BOYACA,SOTAQUIRA,3634
TOLIMA,CUNDAY,3620
MAGDALENA,SANTA BARBARA DE PINTO,3618
CASANARE,SAN LUIS DE PALENQUE,3609
CUNDINAMARCA,GRANADA,3596
CUNDINAMARCA,TAUSA,3583
BOYACA,SUTAMARCHAN,3566
BOLIVAR,SAN FERNANDO,3558
CUNDINAMARCA,UBAQUE,3556
ANTIOQUIA,MACEO,3549
VALLE DEL CAUCA,VERSALLES,3547
META,LA MACARENA,3527
SANTANDER,SAN ANDRES,3526
TOLIMA,ANZOATEGUI,3519
MAGDALENA,SALAMINA,3515
CUNDINAMARCA,MACHETA,3495
TOLIMA,DOLORES,3490
MAGDALENA,CERRO DE SAN ANTONIO,3481
MAGDALENA,ZAPAYAN,3467
CAUCA,SOTARA PAISPAMBA,3462
CUNDINAMARCA,GUATAVITA,3462
ANTIOQUIA,LA PINTADA,3451
RISARALDA,LA CELIA,3419
BOYACA,PAUNA,3414
CUNDINAMARCA,QUETAME,3410
BOYACA,OTANCHE,3405
BOYACA,SANTANA,3404
META,PUERTO LLERAS,3394
MAGDALENA,PEDRAZA,3392
CHOCO,MEDIO BAUDO,3378
QUINDIO,SALENTO,3373
NORTE DE SANTANDER,TEORAMA,3369
HUILA,VILLAVIEJA,3364
CUNDINAMARCA,NILO,3356
BOYACA,SIACHOQUE,3340
TOLIMA,VILLAHERMOSA,3334
CUNDINAMARCA,QUIPILE,3326
CHOCO,ACANDI,3319
CUNDINAMARCA,LA PENA,3303
BOYACA,UMBITA,3283
VICHADA,LA PRIMAVERA,3277
CUNDINAMARCA,NOCAIMA,3270
CHOCO,RIO QUITO,3270
CORDOBA,SAN JOSE DE URE,3270
CHOCO,ATRATO,3258
CHOCO,BAJO BAUDO,3254
CHOCO,LLORO,3253
SANTANDER,SIMACOTA,3252
BOYACA,SAN PABLO DE BORBUR,3239
TOLIMA,AMBALEMA,3237
NARINO,ANCUYA,3235
HUILA,COLOMBIA,3233
SANTANDER,ARATOCA,3231
QUINDIO,PIJAO,3224
NORTE DE SANTANDER,RAGONVALIA,3223
META,SAN JUAN DE ARAMA,3201
BOLIVAR,ARROYOHONDO,3169
CONSULADOS,ALEMANIA,3157
NARINO,ALDANA,3155
BOLIVAR,CANTAGALLO,3140
BOYACA,SORACA,3120
NARINO,CUASPUD CARLOSAMA,3119
BOYACA,TIBANA,3118
NARINO,LEIVA,3103
NORTE DE SANTANDER,GRAMALOTE,3099
CUNDINAMARCA,CARMEN DE CARUPA,3093
ANTIOQUIA,ANORI,3092
BOLIVAR,EL GUAMO,3082
NARINO,ILES,3073
CUNDINAMARCA,FOSCA,3069
ANTIOQUIA,ARGELIA,3067
ANTIOQUIA,SABANALARGA,3064
ANTIOQUIA,PUEBLORRICO,3062
META,CUBARRAL,3062
NARINO,COLON,3060
ANTIOQUIA,BETANIA,3056
BOLIVAR,RIO VIEJO,3051
BOYACA,CHITA,3043
CHOCO,MEDIO SAN JUAN,3040
NARINO,SAN PEDRO DE CARTAGO,3029
NARINO,IMUES,3021
BOLIVAR,SAN CRISTOBAL,3018
META,CABUYARO,3016
SANTANDER,TONA,3015
CHOCO,BAHIA SOLANO,3014
ANTIOQUIA,TITIRIBI,3013
SANTANDER,LA BELLEZA,3009
HUILA,PAICOL,3009
META,PUERTO CONCORDIA,3004
BOYACA,SOCHA,3004
BOYACA,SOCOTA,2990
SANTANDER,MATANZA,2988
CUNDINAMARCA,CUCUNUBA,2983
BOYACA,PESCA,2980
ANTIOQUIA,ANGOSTURA,2966
CUNDINAMARCA,ALBAN,2921
BOYACA,FIRAVITOBA,2921
NARINO,GUALMATAN,2916
BOYACA,MARIPI,2909
VALLE DEL CAUCA,EL CAIRO,2907
CUNDINAMARCA,GUAYABETAL,2903
HUILA,HOBO,2898
ANTIOQUIA,PEQUE,2888
NARINO,EL ROSARIO,2887
TOLIMA,PIEDRAS,2874
MAGDALENA,REMOLINO,2869
CUNDINAMARCA,SUSA,2868
NARINO,ARBOLEDA,2861
ANTIOQUIA,MONTEBELLO,2860
CAUCA,SAN SEBASTIAN,2856
NARINO,BELEN,2853
META,EL CASTILLO,2851
ANTIOQUIA,BURITICA,2848
SANTANDER,GUACA,2824
BOYACA,RAQUIRA,2824
SANTANDER,CERRITO,2822
CALDAS,MARMATO,2810
META,BARRANCA DE UPIA,2798
CALDAS,NORCASIA,2798
TOLIMA,SANTA ISABEL,2797
META,URIBE,2797
ANTIOQUIA,VALDIVIA,2796
VALLE DEL CAUCA,ARGELIA,2793
CUNDINAMARCA,JUNIN,2789
TOLIMA,FALAN,2784
NARINO,EL PENOL,2777
CHOCO,EL CARMEN DE ATRATO,2770
SANTANDER,VALLE DE SAN JOSE,2759
CHOCO,UNGUIA,2752
HUILA,BARAYA,2750
BOYACA,QUIPAMA,2749
BOYACA,MOTAVITA,2744
NORTE DE SANTANDER,SAN CALIXTO,2739
NARINO,FUNES,2739
TOLIMA,HERVEO,2733
CUNDINAMARCA,UTICA,2725
NARINO,NARINO,2723
RISARALDA,BALBOA,2713
ATLANTICO,PIOJO,2708
ANTIOQUIA,CAICEDO,2707
ANTIOQUIA,VALPARAISO,2705
NORTE DE SANTANDER,PAMPLONITA,2705
BOYACA,CHITARAQUE,2699
BOYACA,JENESANO,2694
NARINO,ROBERTO PAYAN,2690
ANTIOQUIA,URAMITA,2689
CALDAS,SAN JOSE,2689
CUNDINAMARCA,ZIPACON,2680
SANTANDER,CAPITANEJO,2671
SANTANDER,SUCRE,2667
NARINO,CUMBITARA,2666
TOLIMA,CASABIANCA,2658
BOLIVAR,MONTECRISTO,2656
BOYACA,ARCABUCO,2654
CAQUETA,CURILLO,2647
CONSULADOS,ITALIA,2635
QUINDIO,CORDOBA,2632
NORTE DE SANTANDER,SILOS,2631
CUNDINAMARCA,QUEBRADANEGRA,2624
NORTE DE SANTANDER,LABATECA,2623
CALDAS,LA MERCED,2619
BOYACA,MONGUA,2610
TOLIMA,VALLE DE SAN JUAN,2607
ANTIOQUIA,SAN FRANCISCO,2605
BOLIVAR,EL PENON,2598
SANTANDER,PUERTO PARRA,2597
NARINO,SANTACRUZ,2597
BOLIVAR,SAN JACINTO DEL CAUCA,2596
NARINO,MALLAMA,2594
BOYACA,SAN JOSE DE PARE,2592
HUILA,NATAGA,2591
PUTUMAYO,SANTIAGO,2589
SANTANDER,CONCEPCION,2584
CHOCO,EL LITORAL DEL SAN JUAN,2570
CAUCA,SUCRE,2567
ANTIOQUIA,ANGELOPOLIS,2564
BOYACA,TURMEQUE,2564
BOYACA,BUENAVISTA,2560
NORTE DE SANTANDER,HACARI,2557
NORTE DE SANTANDER,DURANIA,2545
CASANARE,TAMARA,2537
CUNDINAMARCA,MANTA,2532
BOYACA,SAN LUIS DE GACENO,2523
NARINO,CONTADERO,2522
BOYACA,BOAVITA,2491
NORTE DE SANTANDER,LA PLAYA,2483
ANTIOQUIA,ANZA,2483
ANTIOQUIA,CARAMANTA,2472
ANTIOQUIA,GIRALDO,2469
NARINO,SAPUYES,2469
SANTANDER,SAN JOSE DE MIRANDA,2463
CUNDINAMARCA,GUAYABAL DE SIQUIMA,2458
ANTIOQUIA,YALI,2446
CUNDINAMARCA,GACHALA,2440
CUNDINAMARCA,SUTATAUSA,2429
CHOCO,BAGADO,2427
CUNDINAMARCA,SUPATA,2420
ANTIOQUIA,HELICONIA,2419
TOLIMA,VILLARRICA,2384
SANTANDER,BETULIA,2372
CONSULADOS,ARUBA,2366
BOLIVAR,ARENAL,2355
SANTANDER,GUADALUPE,2350
SANTANDER,COROMORO,2331
SUCRE,CHALAN,2326
CONSULADOS,PERU,2325
CAUCA,PIAMONTE,2301
BOYACA,PAZ DE RIO,2296
CUNDINAMARCA,FUQUENE,2289
PUTUMAYO,COLON,2286
NARINO,MAGUI,2265
TOLIMA,SUAREZ,2257
ANTIOQUIA,BELMIRA,2257
CUNDINAMARCA,EL PENON,2252
BOLIVAR,ALTOS DEL ROSARIO,2231
CAUCA,FLORENCIA,2230
CONSULADOS,BRASIL,2225
BOYACA,SACHICA,2210
PUTUMAYO,SAN FRANCISCO,2209
ANTIOQUIA,ALEJANDRIA,2203
ANTIOQUIA,HISPANIA,2199
BOYACA,CERINZA,2187
VALLE DEL CAUCA,ULLOA,2186
NARINO,OSPINA,2186
SANTANDER,FLORIAN,2179
CUNDINAMARCA,PAIME,2162
CUNDINAMARCA,TIBACUY,2162
BOYACA,NUEVO COLON,2161
CUNDINAMARCA,PANDI,2160
ANTIOQUIA,CONCEPCION,2160
BOYACA,GUAYATA,2159
SANTANDER,PARAMO,2151
BOYACA,MONGUI,2150
BOYACA,CUBARA,2147
CAQUETA,VALPARAISO,2146
NORTE DE SANTANDER,BUCARASICA,2146
NARINO,PROVIDENCIA,2144
CHOCO,UNION PANAMERICANA,2134
NARINO,MOSQUERA,2128
ANTIOQUIA,BRICENO,2125
NORTE DE SANTANDER,VILLA CARO,2119
BOLIVAR,REGIDOR,2104
CUNDINAMARCA,SAN CAYETANO,2100
CHOCO,MEDIO ATRATO,2096
ANTIOQUIA,VIGIA DEL FUERTE,2095
CUNDINAMARCA,VIANI,2095
SANTANDER,GUEPSA,2089
BOYACA,SUTATENZA,2088
SANTANDER,CHARTA,2085
BOYACA,TASCO,2080
BOYACA,GAMEZA,2078
NORTE DE SANTANDER,LOURDES,2071
SANTANDER,OCAMONTE,2068
CHOCO,CARMEN DEL DARIEN,2067
ANTIOQUIA,TARSO,2059
TOLIMA,ALPUJARRA,2055
SANTANDER,PINCHOTE,2051
BOYACA,ZETAQUIRA,2048
BOYACA,TOGUI,2040
SANTANDER,MOLAGAVITA,2020
CHOCO,CERTEGUI,2011
BOYACA,CIENEGA,2009
ANTIOQUIA,GUADALUPE,2006
ANTIOQUIA,SAN ANDRES DE CUERQUIA,2003
CHOCO,EL CANTON DEL SAN PABLO,2001
SANTANDER,GUAVATA,1996
SANTANDER,SURATA,1986
BOYACA,SAN MATEO,1985
BOYACA,TOPAGA,1979
BOYACA,MACANAL,1967
CHOCO,NOVITA,1965
GUAVIARE,CALAMAR,1955
BOYACA,EL COCUY,1949
CAQUETA,ALBANIA,1945
CAQUETA,MILAN,1937
CONSULADOS,SUIZA,1930
CUNDINAMARCA,NIMAIMA,1927
NORTE DE SANTANDER,HERRAN,1917
META,MAPIRIPAN,1914
META,EL DORADO,1912
AMAZONAS,PUERTO NARINO,1910
ANTIOQUIA,ARMENIA,1905
SANTANDER,CARCASI,1903
TOLIMA,RONCESVALLES,1901
HUILA,ELIAS,1893
CUNDINAMARCA,TOPAIPI,1879
ANTIOQUIA,CAROLINA,1870
CUNDINAMARCA,CHAGUANI,1864
NORTE DE SANTANDER,SANTIAGO,1864
CAQUETA,SOLANO,1837
LA GUAJIRA,LA JAGUA DEL PILAR,1829
CUNDINAMARCA,CABRERA,1827
BOYACA,FLORESTA,1808
CUNDINAMARCA,VENECIA,1807
SANTANDER,ONZAGA,1806
ANTIOQUIA,CAMPAMENTO,1805
BOYACA,TENZA,1802
CAQUETA,SOLITA,1789
BOYACA,TINJACA,1789
BOYACA,BOYACA,1777
CUNDINAMARCA,GUTIERREZ,1766
NORTE DE SANTANDER,MUTISCUA,1744
BOYACA,CUCAITA,1734
BOYACA,SANTA SOFIA,1732
CAUCA,SANTA ROSA,1727
BOYACA,GACHANTIVA,1723
CUNDINAMARCA,GAMA,1722
BOYACA,TOTA,1722
SANTANDER,LA PAZ,1721
CAQUETA,MORELIA,1714
SANTANDER,ENCISO,1710
BOYACA,CHISCAS,1702
SANTANDER,GAMBITA,1700
BOYACA,GUICAN DE LA SIERRA,1694
CHOCO,BOJAYA,1690
HUILA,ALTAMIRA,1684
NARINO,LA LLANADA,1684
CASANARE,SABANALARGA,1681
ANTIOQUIA,CARACOLI,1680
BOYACA,TIPACOQUE,1678
SANTANDER,CONTRATACION,1668
SANTANDER,CHIPATA,1648
ANTIOQUIA,TOLEDO,1647
NARINO,FRANCISCO PIZARRO,1647
BOYACA,OICATA,1638
TOLIMA,MURILLO,1637
CHOCO,RIO IRO,1633
BOYACA,SANTA MARIA,1633
CESAR,GONZALEZ,1630
BOYACA,COPER,1624
SANTANDER,EL PENON,1609
NARINO,LA TOLA,1609
ARAUCA,PUERTO RONDON,1607
NARINO,SANTA BARBARA,1600
SANTANDER,JESUS MARIA,1595
BOYACA,CALDAS,1588
CUNDINAMARCA,TIBIRITA,1575
BOYACA,JERICO,1572
BOLIVAR,NOROSI,1563
BOYACA,CHINAVITA,1557
SANTANDER,ALBANIA,1557
SANTANDER,CONFINES,1547
ANTIOQUIA,SAN JOSE DE LA MONTANA,1547
CHOCO,NUQUI,1541
BOYACA,LABRANZAGRANDE,1536
BOYACA,PAEZ,1532
BOYACA,CHIVATA,1519
BOYACA,CHIQUIZA,1516
BOYACA,COVARACHIA,1500
VICHADA,SANTA ROSALIA,1498
ANTIOQUIA,OLAYA,1497
BOYACA,SAN MIGUEL DE SEMA,1496
SANTANDER,GALAN,1489
BOYACA,SUSACON,1475
CUNDINAMARCA,PULI,1472
SANTANDER,PALMAS DEL SOCORRO,1452
BOYACA,LA CAPILLA,1426
NORTE DE SANTANDER,CACOTA,1422
QUINDIO,BUENAVISTA,1409
SANTANDER,SANTA HELENA DEL OPON,1407
BOYACA,CORRALES,1401
BOYACA,CAMPOHERMOSO,1381
BOYACA,LA UVITA,1380
ARAUCA,CRAVO NORTE,1368
BOYACA,VIRACACHA,1365
BOYACA,SOMONDOCO,1353
SANTANDER,SAN BENITO,1346
BOYACA,SORA,1342
BOYACA,EL ESPINO,1329
BOYACA,SATIVANORTE,1275
CUNDINAMARCA,BITUIMA,1275
BOYACA,IZA,1270
CONSULADOS,PAISES BAJOS,1244
BOYACA,RONDON,1232
CONSULADOS,EMIRATOS ARABES UNIDOS,1214
SANTANDER,CHIMA,1213
CONSULADOS,BELGICA,1210
CUNDINAMARCA,JERUSALEN,1209
CUNDINAMARCA,NARINO,1206
ARCHIPIELAGO DE SAN ANDRES PROVIDENCIA Y SANTA CATALINA,PROVIDENCIA,1198
CHOCO,SAN JOSE DEL PALMAR,1191
SANTANDER,SAN MIGUEL,1187
BOYACA,BRICENO,1181
CALDAS,MARULANDA,1169
SANTANDER,SANTA BARBARA,1166
CASANARE,CHAMEZA,1127
GUAVIARE,MIRAFLORES,1112
SANTANDER,CALIFORNIA,1111
SANTANDER,MACARAVITA,1102
CUNDINAMARCA,VILLAGOMEZ,1084
CUNDINAMARCA,BELTRAN,1084
SANTANDER,ENCINO,1070
BOYACA,PACHAVITA,1063
SANTANDER,CEPITA,1061
BOYACA,TUTAZA,1055
SANTANDER,SAN JOAQUIN,1053
BOYACA,CHIVOR,1048
CUNDINAMARCA,GUATAQUI,1041
CONSULADOS,REPUBLICA DOMINICANA,1032
SANTANDER,GUAPOTA,1019
BOYACA,CUITIVA,1001
ANTIOQUIA,ABRIAQUI,994
BOYACA,ALMEIDA,980
SANTANDER,CABRERA,973
SANTANDER,VETAS,958
SANTANDER,HATO,956
SANTANDER,EL GUACAMAYO,952
BOYACA,BETEITIVA,932
ANTIOQUIA,MURINDO,930
BOYACA,GUACAMAYAS,922
BOYACA,PAYA,899
BOYACA,PAJARITO,898
BOYACA,PANQUEBA,874
BOYACA,SAN EDUARDO,851
META,EL CALVARIO,849
BOYACA,LA VICTORIA,843
CHOCO,SIPI,821
META,SAN JUANITO,796
CASANARE,RECETOR,759
CONSULADOS,CURAZAO,753
BOYACA,BERBEO,741
CONSULADOS,PUERTO RICO,736
CHOCO,JURADO,732
SANTANDER,AGUADA,726
SANTANDER,PALMAR,724
SANTANDER,JORDAN,720
BOYACA,TUNUNGUA,717
CONSULADOS,GUATEMALA,684
CASANARE,SACAMA,682
CONSULADOS,NUEVA ZELANDA,673
CONSULADOS,SUECIA,649
GUAINIA,BARRANCOMINAS,591
AMAZONAS,LA CHORRERA,565
CONSULADOS,AUSTRIA,560
BOYACA,PISBA,557
VAUPES,CARURU,536
BOYACA,BUSBANZA,530
BOYACA,SATIVASUR,504
CONSULADOS,CHINA REPUBLICA POPULAR,473
CASANARE,LA SALINA,468
CONSULADOS,BOLIVIA,456
VAUPES,TARAIRA,375
CONSULADOS,URUGUAY,373
AMAZONAS,TARAPACA,370
CONSULADOS,ISRAEL,345
CONSULADOS,PORTUGAL,318
AMAZONAS,EL ENCANTO,308
VAUPES,YAVARATE,298
CONSULADOS,JAPON,286
GUAINIA,SAN FELIPE,261
CONSULADOS,EL SALVADOR,240
AMAZONAS,LA PEDRERA,231
CONSULADOS,CUBA,229
CONSULADOS,HONDURAS,222
CONSULADOS,PARAGUAY,212
CONSULADOS,NORUEGA,192
VAUPES,PACOA,181
CONSULADOS,RUSIA,174
AMAZONAS,PUERTO SANTANDER,168
GUAINIA,PANA PANA,150
AMAZONAS,PUERTO ARICA,146
CONSULADOS,FINLANDIA,146
CONSULADOS,REPUBLICA DE SINGAPUR,141
CONSULADOS,NICARAGUA,137
CONSULADOS,IRLANDA,130
GUAINIA,PUERTO COLOMBIA,124
CONSULADOS,POLONIA,117
CONSULADOS,SUDAFRICA,113
CONSULADOS,LIBANO,101
CONSULADOS,TURQUIA,99
CONSULADOS,TRINIDAD Y TOBAGO,97
GUAINIA,MAPIRIPANA,97
CONSULADOS,COREA DEL SUR,95
CONSULADOS,DINAMARCA,88
CONSULADOS,REPUBLICA DE FILIPINAS,80
CONSULADOS,JAMAICA,80
AMAZONAS,MIRITI  PARANA,77
AMAZONAS,PUERTO ALEGRIA,75
CONSULADOS,LUXEMBURGO,72
CONSULADOS,TAILANDIA,62
CONSULADOS,MALASIA,60
GUAINIA,MORICHAL,54
GUAINIA,LA GUADALUPE,52
CONSULADOS,GRECIA,47
CONSULADOS,INDONESIA,41
CONSULADOS,EGIPTO,39
CONSULADOS,KENIA,31
CONSULADOS,BELICE,29
CONSULADOS,CHIPRE,25
VAUPES,PAPUNAHUA,23
CONSULADOS,REPUBLICA SOCIALISTA DE VIETNAM,21
GUAINIA,CACAHUAL,20
CONSULADOS,INDIA,20
AMAZONAS,LA VICTORIA,19
CONSULADOS,MARRUECOS,18
CONSULADOS,AZERBAIYAN,18
CONSULADOS,GHANA,16
CONSULADOS,ARGELIA,8
